IndicatorType,IndicatorValue,ExpirationTime,Action,Severity,Title,Description,RecommendedActions,RbacGroups,Category,MitreTechniques,GenerateAlert
DomainName,site24x7.cn,2035-07-23T00:00:00Z,Block,Medium,LOLRMM - Site24x7,Vendor-wide network domain associated with Site24x7 - listed by LOLRMM (Living Off the Land RMM) as a remote management or access tool.,Block connections to this domain and investigate any related activity.,,,,true
DomainName,site24x7.com,2035-07-23T00:00:00Z,Block,Medium,LOLRMM - Site24x7,Vendor-wide network domain associated with Site24x7 - listed by LOLRMM (Living Off the Land RMM) as a remote management or access tool.,Block connections to this domain and investigate any related activity.,,,,true
DomainName,site24x7.eu,2035-07-23T00:00:00Z,Block,Medium,LOLRMM - Site24x7,Vendor-wide network domain associated with Site24x7 - listed by LOLRMM (Living Off the Land RMM) as a remote management or access tool.,Block connections to this domain and investigate any related activity.,,,,true
DomainName,site24x7.in,2035-07-23T00:00:00Z,Block,Medium,LOLRMM - Site24x7,Vendor-wide network domain associated with Site24x7 - listed by LOLRMM (Living Off the Land RMM) as a remote management or access tool.,Block connections to this domain and investigate any related activity.,,,,true
DomainName,site24x7.net.au,2035-07-23T00:00:00Z,Block,Medium,LOLRMM - Site24x7,Vendor-wide network domain associated with Site24x7 - listed by LOLRMM (Living Off the Land RMM) as a remote management or access tool.,Block connections to this domain and investigate any related activity.,,,,true
DomainName,skyfex.com,2035-07-23T00:00:00Z,Block,Medium,LOLRMM - SkyFex,Network domain associated with SkyFex - listed by LOLRMM (Living Off the Land RMM) as a remote management or access tool.,Block connections to this domain and investigate any related activity.,,,,true
DomainName,socket.lunixar.com,2035-07-23T00:00:00Z,Block,Medium,LOLRMM - Lunixar,Network domain associated with Lunixar - listed by LOLRMM (Living Off the Land RMM) as a remote management or access tool.,Block connections to this domain and investigate any related activity.,,,,true
DomainName,softbymade.top,2035-07-23T00:00:00Z,Block,Medium,LOLRMM - RMMCRAT,Network domain associated with RMMCRAT - listed by LOLRMM (Living Off the Land RMM) as a remote management or access tool.,Block connections to this domain and investigate any related activity.,,,,true
DomainName,sorillus.com,2035-07-23T00:00:00Z,Block,Medium,LOLRMM - Sorillus,Network domain associated with Sorillus - listed by LOLRMM (Living Off the Land RMM) as a remote management or access tool.,Block connections to this domain and investigate any related activity.,,,,true
DomainName,soti.net,2035-07-23T00:00:00Z,Block,Medium,LOLRMM - Pocket Controller,Vendor-wide network domain associated with Pocket Controller - listed by LOLRMM (Living Off the Land RMM) as a remote management or access tool.,Block connections to this domain and investigate any related activity.,,,,true
DomainName,splashtop.com,2035-07-23T00:00:00Z,Block,Medium,LOLRMM - Splashtop,Network domain associated with Splashtop - listed by LOLRMM (Living Off the Land RMM) as a remote management or access tool.,Block connections to this domain and investigate any related activity.,,,,true
DomainName,spyanywhere.com,2035-07-23T00:00:00Z,Block,Medium,LOLRMM - SpyAnywhere,Network domain associated with SpyAnywhere - listed by LOLRMM (Living Off the Land RMM) as a remote management or access tool.,Block connections to this domain and investigate any related activity.,,,,true
DomainName,sr.rmm.pod1.usw.gorelo.tech,2035-07-23T00:00:00Z,Block,Medium,LOLRMM - Gorelo,Network domain associated with Gorelo - listed by LOLRMM (Living Off the Land RMM) as a remote management or access tool.,Block connections to this domain and investigate any related activity.,,,,true
DomainName,staging.helpwire.app,2035-07-23T00:00:00Z,Block,Medium,LOLRMM - HelpWire,Network domain associated with HelpWire - listed by LOLRMM (Living Off the Land RMM) as a remote management or access tool.,Block connections to this domain and investigate any related activity.,,,,true
DomainName,startsupport.com,2035-07-23T00:00:00Z,Block,Medium,LOLRMM - Rsupport RemoteView / RemoteCall,Network domain associated with Rsupport RemoteView / RemoteCall - listed by LOLRMM (Living Off the Land RMM) as a remote management or access tool.,Block connections to this domain and investigate any related activity.,,,,true
DomainName,static.freshdev.io,2035-07-23T00:00:00Z,Block,Medium,LOLRMM - Freshservice,Network domain associated with Freshservice - listed by LOLRMM (Living Off the Land RMM) as a remote management or access tool.,Block connections to this domain and investigate any related activity.,,,,true
DomainName,storage.centrastage.net,2035-07-23T00:00:00Z,Block,Medium,LOLRMM - Datto RMM / Autotask,Network domain associated with Datto RMM / Autotask - listed by LOLRMM (Living Off the Land RMM) as a remote management or access tool.,Block connections to this domain and investigate any related activity.,,,,true
DomainName,storage.rmm.datto.com,2035-07-23T00:00:00Z,Block,Medium,LOLRMM - Datto RMM / Autotask,Network domain associated with Datto RMM / Autotask - listed by LOLRMM (Living Off the Land RMM) as a remote management or access tool.,Block connections to this domain and investigate any related activity.,,,,true
DomainName,stun.helpwire.app,2035-07-23T00:00:00Z,Block,Medium,LOLRMM - HelpWire,Network domain associated with HelpWire - listed by LOLRMM (Living Off the Land RMM) as a remote management or access tool.,Block connections to this domain and investigate any related activity.,,,,true
DomainName,stunserver.stunprotocol.org,2035-07-23T00:00:00Z,Block,Medium,LOLRMM - HelpWire,Network domain associated with HelpWire - listed by LOLRMM (Living Off the Land RMM) as a remote management or access tool.,Block connections to this domain and investigate any related activity.,,,,true
DomainName,sunlogin.oray.com,2035-07-23T00:00:00Z,Block,Medium,LOLRMM - Sunlogin / Oray,Network domain associated with Sunlogin / Oray - listed by LOLRMM (Living Off the Land RMM) as a remote management or access tool.,Block connections to this domain and investigate any related activity.,,,,true
DomainName,superops.ai,2035-07-23T00:00:00Z,Block,Medium,LOLRMM - SuperOps,Network domain associated with SuperOps - listed by LOLRMM (Living Off the Land RMM) as a remote management or access tool.,Block connections to this domain and investigate any related activity.,,,,true
DomainName,superopsalpha.com,2035-07-23T00:00:00Z,Block,Medium,LOLRMM - SuperOps,Network domain associated with SuperOps - listed by LOLRMM (Living Off the Land RMM) as a remote management or access tool.,Block connections to this domain and investigate any related activity.,,,,true
DomainName,superopsbeta.com,2035-07-23T00:00:00Z,Block,Medium,LOLRMM - SuperOps,Network domain associated with SuperOps - listed by LOLRMM (Living Off the Land RMM) as a remote management or access tool.,Block connections to this domain and investigate any related activity.,,,,true
DomainName,support.faronics.com,2035-07-23T00:00:00Z,Block,Medium,LOLRMM - Faronics Insight,Network domain associated with Faronics Insight - listed by LOLRMM (Living Off the Land RMM) as a remote management or access tool.,Block connections to this domain and investigate any related activity.,,,,true
DomainName,support.services.microsoft.com,2035-07-23T00:00:00Z,Block,Medium,LOLRMM - Quick Assist,Vendor-wide network domain associated with Quick Assist - listed by LOLRMM (Living Off the Land RMM) as a remote management or access tool.,Block connections to this domain and investigate any related activity.,,,,true
DomainName,supremocontrol.com,2035-07-23T00:00:00Z,Block,Medium,LOLRMM - Supremo,Network domain associated with Supremo - listed by LOLRMM (Living Off the Land RMM) as a remote management or access tool.,Block connections to this domain and investigate any related activity.,,,,true
DomainName,swi-rc.cdn-sw.net,2035-07-23T00:00:00Z,Block,Medium,LOLRMM - N-able / SolarWinds,Network domain associated with N-able / SolarWinds - listed by LOLRMM (Living Off the Land RMM) as a remote management or access tool.,Block connections to this domain and investigate any related activity.,,,,true
DomainName,swi-tc.com,2035-07-23T00:00:00Z,Block,Medium,LOLRMM - N-able / SolarWinds,Network domain associated with N-able / SolarWinds - listed by LOLRMM (Living Off the Land RMM) as a remote management or access tool.,Block connections to this domain and investigate any related activity.,,,,true
DomainName,syncroapi.com,2035-07-23T00:00:00Z,Block,Medium,LOLRMM - Syncro,Network domain associated with Syncro - listed by LOLRMM (Living Off the Land RMM) as a remote management or access tool.,Block connections to this domain and investigate any related activity.,,,,true
DomainName,syncromsp.com,2035-07-23T00:00:00Z,Block,Medium,LOLRMM - Syncro,Network domain associated with Syncro - listed by LOLRMM (Living Off the Land RMM) as a remote management or access tool.,Block connections to this domain and investigate any related activity.,,,,true
DomainName,syrah-agent-comms.centrastage.net,2035-07-23T00:00:00Z,Block,Medium,LOLRMM - Datto RMM / Autotask,Network domain associated with Datto RMM / Autotask - listed by LOLRMM (Living Off the Land RMM) as a remote management or access tool.,Block connections to this domain and investigate any related activity.,,,,true
DomainName,syrah-agent-notifications.centrastage.net,2035-07-23T00:00:00Z,Block,Medium,LOLRMM - Datto RMM / Autotask,Network domain associated with Datto RMM / Autotask - listed by LOLRMM (Living Off the Land RMM) as a remote management or access tool.,Block connections to this domain and investigate any related activity.,,,,true
DomainName,syrah-agent.centrastage.net,2035-07-23T00:00:00Z,Block,Medium,LOLRMM - Datto RMM / Autotask,Network domain associated with Datto RMM / Autotask - listed by LOLRMM (Living Off the Land RMM) as a remote management or access tool.,Block connections to this domain and investigate any related activity.,,,,true
DomainName,syrah-audit.centrastage.net,2035-07-23T00:00:00Z,Block,Medium,LOLRMM - Datto RMM / Autotask,Network domain associated with Datto RMM / Autotask - listed by LOLRMM (Living Off the Land RMM) as a remote management or access tool.,Block connections to this domain and investigate any related activity.,,,,true
DomainName,syrah-frontend-api.centrastage.net,2035-07-23T00:00:00Z,Block,Medium,LOLRMM - Datto RMM / Autotask,Network domain associated with Datto RMM / Autotask - listed by LOLRMM (Living Off the Land RMM) as a remote management or access tool.,Block connections to this domain and investigate any related activity.,,,,true
DomainName,syrah-ips.centrastage.net,2035-07-23T00:00:00Z,Block,Medium,LOLRMM - Datto RMM / Autotask,Network domain associated with Datto RMM / Autotask - listed by LOLRMM (Living Off the Land RMM) as a remote management or access tool.,Block connections to this domain and investigate any related activity.,,,,true
DomainName,syrah-monitoring.centrastage.net,2035-07-23T00:00:00Z,Block,Medium,LOLRMM - Datto RMM / Autotask,Network domain associated with Datto RMM / Autotask - listed by LOLRMM (Living Off the Land RMM) as a remote management or access tool.,Block connections to this domain and investigate any related activity.,,,,true
DomainName,syrah-realtime.centrastage.net,2035-07-23T00:00:00Z,Block,Medium,LOLRMM - Datto RMM / Autotask,Network domain associated with Datto RMM / Autotask - listed by LOLRMM (Living Off the Land RMM) as a remote management or access tool.,Block connections to this domain and investigate any related activity.,,,,true
DomainName,syrah.centrastage.net,2035-07-23T00:00:00Z,Block,Medium,LOLRMM - Datto RMM / Autotask,Network domain associated with Datto RMM / Autotask - listed by LOLRMM (Living Off the Land RMM) as a remote management or access tool.,Block connections to this domain and investigate any related activity.,,,,true
DomainName,syrah.rmm.datto.com,2035-07-23T00:00:00Z,Block,Medium,LOLRMM - Datto RMM / Autotask,Network domain associated with Datto RMM / Autotask - listed by LOLRMM (Living Off the Land RMM) as a remote management or access tool.,Block connections to this domain and investigate any related activity.,,,,true
DomainName,syrahcc.centrastage.net,2035-07-23T00:00:00Z,Block,Medium,LOLRMM - Datto RMM / Autotask,Network domain associated with Datto RMM / Autotask - listed by LOLRMM (Living Off the Land RMM) as a remote management or access tool.,Block connections to this domain and investigate any related activity.,,,,true
DomainName,syrahrmm.centrastage.net,2035-07-23T00:00:00Z,Block,Medium,LOLRMM - Datto RMM / Autotask,Network domain associated with Datto RMM / Autotask - listed by LOLRMM (Living Off the Land RMM) as a remote management or access tool.,Block connections to this domain and investigate any related activity.,,,,true
DomainName,syrahws.centrastage.net,2035-07-23T00:00:00Z,Block,Medium,LOLRMM - Datto RMM / Autotask,Network domain associated with Datto RMM / Autotask - listed by LOLRMM (Living Off the Land RMM) as a remote management or access tool.,Block connections to this domain and investigate any related activity.,,,,true
DomainName,syspectr.com,2035-07-23T00:00:00Z,Block,Medium,LOLRMM - O&O Syspectr,Network domain associated with O&O Syspectr - listed by LOLRMM (Living Off the Land RMM) as a remote management or access tool.,Block connections to this domain and investigate any related activity.,,,,true
DomainName,system-monitor.com,2035-07-23T00:00:00Z,Block,Medium,LOLRMM - N-able / SolarWinds,Network domain associated with N-able / SolarWinds - listed by LOLRMM (Living Off the Land RMM) as a remote management or access tool.,Block connections to this domain and investigate any related activity.,,,,true
DomainName,systemmonitor.co.uk,2035-07-23T00:00:00Z,Block,Medium,LOLRMM - N-able / SolarWinds,Network domain associated with N-able / SolarWinds - listed by LOLRMM (Living Off the Land RMM) as a remote management or access tool.,Block connections to this domain and investigate any related activity.,,,,true
DomainName,systemmonitor.eu.com,2035-07-23T00:00:00Z,Block,Medium,LOLRMM - N-able / SolarWinds,Network domain associated with N-able / SolarWinds - listed by LOLRMM (Living Off the Land RMM) as a remote management or access tool.,Block connections to this domain and investigate any related activity.,,,,true
DomainName,systemmonitor.us,2035-07-23T00:00:00Z,Block,Medium,LOLRMM - N-able / SolarWinds,Network domain associated with N-able / SolarWinds - listed by LOLRMM (Living Off the Land RMM) as a remote management or access tool.,Block connections to this domain and investigate any related activity.,,,,true
DomainName,systemmonitor.us.cdn.cloudflare.net,2035-07-23T00:00:00Z,Block,Medium,LOLRMM - N-able / SolarWinds,Network domain associated with N-able / SolarWinds - listed by LOLRMM (Living Off the Land RMM) as a remote management or access tool.,Block connections to this domain and investigate any related activity.,,,,true
DomainName,taf.teamviewer.com,2035-07-23T00:00:00Z,Block,Medium,LOLRMM - TeamViewer,Network domain associated with TeamViewer - listed by LOLRMM (Living Off the Land RMM) as a remote management or access tool.,Block connections to this domain and investigate any related activity.,,,,true
DomainName,tailscale.com,2035-07-23T00:00:00Z,Block,Medium,LOLRMM - Tailscale,Vendor-wide network domain associated with Tailscale - listed by LOLRMM (Living Off the Land RMM) as a remote management or access tool.,Block connections to this domain and investigate any related activity.,,,,true
DomainName,tailscale.io,2035-07-23T00:00:00Z,Block,Medium,LOLRMM - Tailscale,Vendor-wide network domain associated with Tailscale - listed by LOLRMM (Living Off the Land RMM) as a remote management or access tool.,Block connections to this domain and investigate any related activity.,,,,true
DomainName,teamviewer.com,2035-07-23T00:00:00Z,Block,Medium,LOLRMM - TeamViewer,Network domain associated with TeamViewer - listed by LOLRMM (Living Off the Land RMM) as a remote management or access tool.,Block connections to this domain and investigate any related activity.,,,,true
DomainName,techinline.net,2035-07-23T00:00:00Z,Block,Medium,LOLRMM - FixMe.IT,Network domain associated with FixMe.IT - listed by LOLRMM (Living Off the Land RMM) as a remote management or access tool.,Block connections to this domain and investigate any related activity.,,,,true
DomainName,teknopars.com,2035-07-23T00:00:00Z,Block,Medium,LOLRMM - Alpemix,Network domain associated with Alpemix - listed by LOLRMM (Living Off the Land RMM) as a remote management or access tool.,Block connections to this domain and investigate any related activity.,,,,true
DomainName,tele-desk.com,2035-07-23T00:00:00Z,Block,Medium,LOLRMM - TeleDesktop,Network domain associated with TeleDesktop - listed by LOLRMM (Living Off the Land RMM) as a remote management or access tool.,Block connections to this domain and investigate any related activity.,,,,true
DomainName,telesupportgroup.com,2035-07-23T00:00:00Z,Block,Medium,LOLRMM - SimpleHelp,Network domain associated with SimpleHelp - listed by LOLRMM (Living Off the Land RMM) as a remote management or access tool.,Block connections to this domain and investigate any related activity.,,,,true
DomainName,teramind.co,2035-07-23T00:00:00Z,Block,Medium,LOLRMM - Teramind,Network domain associated with Teramind - listed by LOLRMM (Living Off the Land RMM) as a remote management or access tool.,Block connections to this domain and investigate any related activity.,,,,true
DomainName,tiflux.com,2035-07-23T00:00:00Z,Block,Medium,LOLRMM - TiFlux,Network domain associated with TiFlux - listed by LOLRMM (Living Off the Land RMM) as a remote management or access tool.,Block connections to this domain and investigate any related activity.,,,,true
DomainName,tiflux.com.br,2035-07-23T00:00:00Z,Block,Medium,LOLRMM - TiFlux,Network domain associated with TiFlux - listed by LOLRMM (Living Off the Land RMM) as a remote management or access tool.,Block connections to this domain and investigate any related activity.,,,,true
DomainName,tightvnc.com,2035-07-23T00:00:00Z,Block,Medium,LOLRMM - TightVNC / Remote Ripple,Network domain associated with TightVNC / Remote Ripple - listed by LOLRMM (Living Off the Land RMM) as a remote management or access tool.,Block connections to this domain and investigate any related activity.,,,,true
DomainName,tmate.io,2035-07-23T00:00:00Z,Block,Medium,LOLRMM - tmate,Network domain associated with tmate - listed by LOLRMM (Living Off the Land RMM) as a remote management or access tool.,Block connections to this domain and investigate any related activity.,,,,true
DomainName,todesk.com,2035-07-23T00:00:00Z,Block,Medium,LOLRMM - ToDesk,Network domain associated with ToDesk - listed by LOLRMM (Living Off the Land RMM) as a remote management or access tool.,Block connections to this domain and investigate any related activity.,,,,true
DomainName,trust-access.invgate.com,2035-07-23T00:00:00Z,Block,Medium,LOLRMM - InvGate,Network domain associated with InvGate - listed by LOLRMM (Living Off the Land RMM) as a remote management or access tool.,Block connections to this domain and investigate any related activity.,,,,true
DomainName,trust.invgate.com,2035-07-23T00:00:00Z,Block,Medium,LOLRMM - InvGate,Network domain associated with InvGate - listed by LOLRMM (Living Off the Land RMM) as a remote management or access tool.,Block connections to this domain and investigate any related activity.,,,,true
DomainName,trustconnectsoftware.com,2035-07-23T00:00:00Z,Block,Medium,LOLRMM - TrustConnect,Network domain associated with TrustConnect - listed by LOLRMM (Living Off the Land RMM) as a remote management or access tool.,Block connections to this domain and investigate any related activity.,,,,true
DomainName,trusted.panorama9.com,2035-07-23T00:00:00Z,Block,Medium,LOLRMM - Panorama9,Network domain associated with Panorama9 - listed by LOLRMM (Living Off the Land RMM) as a remote management or access tool.,Block connections to this domain and investigate any related activity.,,,,true
DomainName,trycloudflare.com,2035-07-23T00:00:00Z,Block,Medium,LOLRMM - Cloudflare Tunnel,Network domain associated with Cloudflare Tunnel - listed by LOLRMM (Living Off the Land RMM) as a remote management or access tool.,Block connections to this domain and investigate any related activity.,,,,true
DomainName,ts.centrastage.net,2035-07-23T00:00:00Z,Block,Medium,LOLRMM - Datto RMM / Autotask,Network domain associated with Datto RMM / Autotask - listed by LOLRMM (Living Off the Land RMM) as a remote management or access tool.,Block connections to this domain and investigate any related activity.,,,,true
DomainName,tunnel-ips.centrastage.net,2035-07-23T00:00:00Z,Block,Medium,LOLRMM - Datto RMM / Autotask,Network domain associated with Datto RMM / Autotask - listed by LOLRMM (Living Off the Land RMM) as a remote management or access tool.,Block connections to this domain and investigate any related activity.,,,,true
DomainName,tunnel.rmm.datto.com,2035-07-23T00:00:00Z,Block,Medium,LOLRMM - Datto RMM / Autotask,Network domain associated with Datto RMM / Autotask - listed by LOLRMM (Living Off the Land RMM) as a remote management or access tool.,Block connections to this domain and investigate any related activity.,,,,true
DomainName,turn.hoptodesk.com,2035-07-23T00:00:00Z,Block,Medium,LOLRMM - HopToDesk,Network domain associated with HopToDesk - listed by LOLRMM (Living Off the Land RMM) as a remote management or access tool.,Block connections to this domain and investigate any related activity.,,,,true
DomainName,turn.monitic.com,2035-07-23T00:00:00Z,Block,Medium,LOLRMM - Monitic,Network domain associated with Monitic - listed by LOLRMM (Living Off the Land RMM) as a remote management or access tool.,Block connections to this domain and investigate any related activity.,,,,true
DomainName,ultraviewer.net,2035-07-23T00:00:00Z,Block,Medium,LOLRMM - UltraViewer,Network domain associated with UltraViewer - listed by LOLRMM (Living Off the Land RMM) as a remote management or access tool.,Block connections to this domain and investigate any related activity.,,,,true
DomainName,ultravnc.com,2035-07-23T00:00:00Z,Block,Medium,LOLRMM - UltraVNC,Network domain associated with UltraVNC - listed by LOLRMM (Living Off the Land RMM) as a remote management or access tool.,Block connections to this domain and investigate any related activity.,,,,true
DomainName,upd.faronicslabs.com,2035-07-23T00:00:00Z,Block,Medium,LOLRMM - Faronics Core,Network domain associated with Faronics Core - listed by LOLRMM (Living Off the Land RMM) as a remote management or access tool.,Block connections to this domain and investigate any related activity.,,,,true
DomainName,update-concord.centrastage.net,2035-07-23T00:00:00Z,Block,Medium,LOLRMM - Datto RMM / Autotask,Network domain associated with Datto RMM / Autotask - listed by LOLRMM (Living Off the Land RMM) as a remote management or access tool.,Block connections to this domain and investigate any related activity.,,,,true
DomainName,update-merlot.centrastage.net,2035-07-23T00:00:00Z,Block,Medium,LOLRMM - Datto RMM / Autotask,Network domain associated with Datto RMM / Autotask - listed by LOLRMM (Living Off the Land RMM) as a remote management or access tool.,Block connections to this domain and investigate any related activity.,,,,true
DomainName,update-syrah.centrastage.net,2035-07-23T00:00:00Z,Block,Medium,LOLRMM - Datto RMM / Autotask,Network domain associated with Datto RMM / Autotask - listed by LOLRMM (Living Off the Land RMM) as a remote management or access tool.,Block connections to this domain and investigate any related activity.,,,,true
DomainName,update-vidal.centrastage.net,2035-07-23T00:00:00Z,Block,Medium,LOLRMM - Datto RMM / Autotask,Network domain associated with Datto RMM / Autotask - listed by LOLRMM (Living Off the Land RMM) as a remote management or access tool.,Block connections to this domain and investigate any related activity.,,,,true
DomainName,update-zinfandel.centrastage.net,2035-07-23T00:00:00Z,Block,Medium,LOLRMM - Datto RMM / Autotask,Network domain associated with Datto RMM / Autotask - listed by LOLRMM (Living Off the Land RMM) as a remote management or access tool.,Block connections to this domain and investigate any related activity.,,,,true
DomainName,update.argotunnel.com,2035-07-23T00:00:00Z,Block,Medium,LOLRMM - Cloudflare Tunnel,Network domain associated with Cloudflare Tunnel - listed by LOLRMM (Living Off the Land RMM) as a remote management or access tool.,Block connections to this domain and investigate any related activity.,,,,true
DomainName,update.centrastage.net,2035-07-23T00:00:00Z,Block,Medium,LOLRMM - Datto RMM / Autotask,Network domain associated with Datto RMM / Autotask - listed by LOLRMM (Living Off the Land RMM) as a remote management or access tool.,Block connections to this domain and investigate any related activity.,,,,true
DomainName,update.n-able.com,2035-07-23T00:00:00Z,Block,Medium,LOLRMM - N-able / SolarWinds,Network domain associated with N-able / SolarWinds - listed by LOLRMM (Living Off the Land RMM) as a remote management or access tool.,Block connections to this domain and investigate any related activity.,,,,true
DomainName,us-region1.v2.argotunnel.com,2035-07-23T00:00:00Z,Block,Medium,LOLRMM - Cloudflare Tunnel,Network domain associated with Cloudflare Tunnel - listed by LOLRMM (Living Off the Land RMM) as a remote management or access tool.,Block connections to this domain and investigate any related activity.,,,,true
DomainName,us-region2.v2.argotunnel.com,2035-07-23T00:00:00Z,Block,Medium,LOLRMM - Cloudflare Tunnel,Network domain associated with Cloudflare Tunnel - listed by LOLRMM (Living Off the Land RMM) as a remote management or access tool.,Block connections to this domain and investigate any related activity.,,,,true
DomainName,us.2breeze.app,2035-07-23T00:00:00Z,Block,Medium,LOLRMM - Breeze,Network domain associated with Breeze - listed by LOLRMM (Living Off the Land RMM) as a remote management or access tool.,Block connections to this domain and investigate any related activity.,,,,true
DomainName,usage.teleport.dev,2035-07-23T00:00:00Z,Block,Medium,LOLRMM - Teleport Connect,Network domain associated with Teleport Connect - listed by LOLRMM (Living Off the Land RMM) as a remote management or access tool.,Block connections to this domain and investigate any related activity.,,,,true
DomainName,vector-networks.com,2035-07-23T00:00:00Z,Block,Medium,LOLRMM - Vector / LANutil,Network domain associated with Vector / LANutil - listed by LOLRMM (Living Off the Land RMM) as a remote management or access tool.,Block connections to this domain and investigate any related activity.,,,,true
DomainName,vicarius-ap-southeast-3-installer.s3.amazonaws.com,2035-07-23T00:00:00Z,Block,Medium,LOLRMM - Vicarius Topia,Network domain associated with Vicarius Topia - listed by LOLRMM (Living Off the Land RMM) as a remote management or access tool.,Block connections to this domain and investigate any related activity.,,,,true
DomainName,vicarius-ap-southeast-3-installer.s3.ap-southeast-3.amazonaws.com,2035-07-23T00:00:00Z,Block,Medium,LOLRMM - Vicarius Topia,Network domain associated with Vicarius Topia - listed by LOLRMM (Living Off the Land RMM) as a remote management or access tool.,Block connections to this domain and investigate any related activity.,,,,true
DomainName,vicarius-ap-southeast-3-patches.s3.amazonaws.com,2035-07-23T00:00:00Z,Block,Medium,LOLRMM - Vicarius Topia,Network domain associated with Vicarius Topia - listed by LOLRMM (Living Off the Land RMM) as a remote management or access tool.,Block connections to this domain and investigate any related activity.,,,,true
DomainName,vicarius-ap-southeast-3-patches.s3.ap-southeast-3.amazonaws.com,2035-07-23T00:00:00Z,Block,Medium,LOLRMM - Vicarius Topia,Network domain associated with Vicarius Topia - listed by LOLRMM (Living Off the Land RMM) as a remote management or access tool.,Block connections to this domain and investigate any related activity.,,,,true
DomainName,vicarius-ap-southeast-3-release.s3.amazonaws.com,2035-07-23T00:00:00Z,Block,Medium,LOLRMM - Vicarius Topia,Network domain associated with Vicarius Topia - listed by LOLRMM (Living Off the Land RMM) as a remote management or access tool.,Block connections to this domain and investigate any related activity.,,,,true
DomainName,vicarius-ap-southeast-3-release.s3.ap-southeast-3.amazonaws.com,2035-07-23T00:00:00Z,Block,Medium,LOLRMM - Vicarius Topia,Network domain associated with Vicarius Topia - listed by LOLRMM (Living Off the Land RMM) as a remote management or access tool.,Block connections to this domain and investigate any related activity.,,,,true
DomainName,vicarius-eu-central-1-installer.s3.amazonaws.com,2035-07-23T00:00:00Z,Block,Medium,LOLRMM - Vicarius Topia,Network domain associated with Vicarius Topia - listed by LOLRMM (Living Off the Land RMM) as a remote management or access tool.,Block connections to this domain and investigate any related activity.,,,,true
DomainName,vicarius-eu-central-1-installer.s3.eu-central-1.amazonaws.com,2035-07-23T00:00:00Z,Block,Medium,LOLRMM - Vicarius Topia,Network domain associated with Vicarius Topia - listed by LOLRMM (Living Off the Land RMM) as a remote management or access tool.,Block connections to this domain and investigate any related activity.,,,,true
DomainName,vicarius-eu-central-1-patches.s3.amazonaws.com,2035-07-23T00:00:00Z,Block,Medium,LOLRMM - Vicarius Topia,Network domain associated with Vicarius Topia - listed by LOLRMM (Living Off the Land RMM) as a remote management or access tool.,Block connections to this domain and investigate any related activity.,,,,true
DomainName,vicarius-eu-central-1-patches.s3.eu-central-1.amazonaws.com,2035-07-23T00:00:00Z,Block,Medium,LOLRMM - Vicarius Topia,Network domain associated with Vicarius Topia - listed by LOLRMM (Living Off the Land RMM) as a remote management or access tool.,Block connections to this domain and investigate any related activity.,,,,true
DomainName,vicarius-eu-central-1-release.s3.amazonaws.com,2035-07-23T00:00:00Z,Block,Medium,LOLRMM - Vicarius Topia,Network domain associated with Vicarius Topia - listed by LOLRMM (Living Off the Land RMM) as a remote management or access tool.,Block connections to this domain and investigate any related activity.,,,,true
DomainName,vicarius-eu-central-1-release.s3.eu-central-1.amazonaws.com,2035-07-23T00:00:00Z,Block,Medium,LOLRMM - Vicarius Topia,Network domain associated with Vicarius Topia - listed by LOLRMM (Living Off the Land RMM) as a remote management or access tool.,Block connections to this domain and investigate any related activity.,,,,true
DomainName,vicarius-installer.s3.amazonaws.com,2035-07-23T00:00:00Z,Block,Medium,LOLRMM - Vicarius Topia,Network domain associated with Vicarius Topia - listed by LOLRMM (Living Off the Land RMM) as a remote management or access tool.,Block connections to this domain and investigate any related activity.,,,,true
DomainName,vicarius-patches.s3.amazonaws.com,2035-07-23T00:00:00Z,Block,Medium,LOLRMM - Vicarius Topia,Network domain associated with Vicarius Topia - listed by LOLRMM (Living Off the Land RMM) as a remote management or access tool.,Block connections to this domain and investigate any related activity.,,,,true
DomainName,vicarius-release.s3.amazonaws.com,2035-07-23T00:00:00Z,Block,Medium,LOLRMM - Vicarius Topia,Network domain associated with Vicarius Topia - listed by LOLRMM (Living Off the Land RMM) as a remote management or access tool.,Block connections to this domain and investigate any related activity.,,,,true
DomainName,vicarius-release.s3.us-east-1.amazonaws.com,2035-07-23T00:00:00Z,Block,Medium,LOLRMM - Vicarius Topia,Network domain associated with Vicarius Topia - listed by LOLRMM (Living Off the Land RMM) as a remote management or access tool.,Block connections to this domain and investigate any related activity.,,,,true
DomainName,vicarius-static-organizationinstallations.vicarius-cdn.com,2035-07-23T00:00:00Z,Block,Medium,LOLRMM - Vicarius Topia,Network domain associated with Vicarius Topia - listed by LOLRMM (Living Off the Land RMM) as a remote management or access tool.,Block connections to this domain and investigate any related activity.,,,,true
DomainName,vicarius.cloud,2035-07-23T00:00:00Z,Block,Medium,LOLRMM - Vicarius Topia,Network domain associated with Vicarius Topia - listed by LOLRMM (Living Off the Land RMM) as a remote management or access tool.,Block connections to this domain and investigate any related activity.,,,,true
DomainName,vidal-agent-comms.centrastage.net,2035-07-23T00:00:00Z,Block,Medium,LOLRMM - Datto RMM / Autotask,Network domain associated with Datto RMM / Autotask - listed by LOLRMM (Living Off the Land RMM) as a remote management or access tool.,Block connections to this domain and investigate any related activity.,,,,true
DomainName,vidal-agent-notifications.centrastage.net,2035-07-23T00:00:00Z,Block,Medium,LOLRMM - Datto RMM / Autotask,Network domain associated with Datto RMM / Autotask - listed by LOLRMM (Living Off the Land RMM) as a remote management or access tool.,Block connections to this domain and investigate any related activity.,,,,true
DomainName,vidal-agent.centrastage.net,2035-07-23T00:00:00Z,Block,Medium,LOLRMM - Datto RMM / Autotask,Network domain associated with Datto RMM / Autotask - listed by LOLRMM (Living Off the Land RMM) as a remote management or access tool.,Block connections to this domain and investigate any related activity.,,,,true
DomainName,vidal-audit.centrastage.net,2035-07-23T00:00:00Z,Block,Medium,LOLRMM - Datto RMM / Autotask,Network domain associated with Datto RMM / Autotask - listed by LOLRMM (Living Off the Land RMM) as a remote management or access tool.,Block connections to this domain and investigate any related activity.,,,,true
DomainName,vidal-frontend-api.centrastage.net,2035-07-23T00:00:00Z,Block,Medium,LOLRMM - Datto RMM / Autotask,Network domain associated with Datto RMM / Autotask - listed by LOLRMM (Living Off the Land RMM) as a remote management or access tool.,Block connections to this domain and investigate any related activity.,,,,true
DomainName,vidal-ips.centrastage.net,2035-07-23T00:00:00Z,Block,Medium,LOLRMM - Datto RMM / Autotask,Network domain associated with Datto RMM / Autotask - listed by LOLRMM (Living Off the Land RMM) as a remote management or access tool.,Block connections to this domain and investigate any related activity.,,,,true
DomainName,vidal-monitoring.centrastage.net,2035-07-23T00:00:00Z,Block,Medium,LOLRMM - Datto RMM / Autotask,Network domain associated with Datto RMM / Autotask - listed by LOLRMM (Living Off the Land RMM) as a remote management or access tool.,Block connections to this domain and investigate any related activity.,,,,true
DomainName,vidal-realtime.centrastage.net,2035-07-23T00:00:00Z,Block,Medium,LOLRMM - Datto RMM / Autotask,Network domain associated with Datto RMM / Autotask - listed by LOLRMM (Living Off the Land RMM) as a remote management or access tool.,Block connections to this domain and investigate any related activity.,,,,true
DomainName,vidal.centrastage.net,2035-07-23T00:00:00Z,Block,Medium,LOLRMM - Datto RMM / Autotask,Network domain associated with Datto RMM / Autotask - listed by LOLRMM (Living Off the Land RMM) as a remote management or access tool.,Block connections to this domain and investigate any related activity.,,,,true
DomainName,vidal.rmm.datto.com,2035-07-23T00:00:00Z,Block,Medium,LOLRMM - Datto RMM / Autotask,Network domain associated with Datto RMM / Autotask - listed by LOLRMM (Living Off the Land RMM) as a remote management or access tool.,Block connections to this domain and investigate any related activity.,,,,true
DomainName,vidalcc.centrastage.net,2035-07-23T00:00:00Z,Block,Medium,LOLRMM - Datto RMM / Autotask,Network domain associated with Datto RMM / Autotask - listed by LOLRMM (Living Off the Land RMM) as a remote management or access tool.,Block connections to this domain and investigate any related activity.,,,,true
DomainName,vidalrmm.centrastage.net,2035-07-23T00:00:00Z,Block,Medium,LOLRMM - Datto RMM / Autotask,Network domain associated with Datto RMM / Autotask - listed by LOLRMM (Living Off the Land RMM) as a remote management or access tool.,Block connections to this domain and investigate any related activity.,,,,true
DomainName,vizor.cloud,2035-07-23T00:00:00Z,Block,Medium,LOLRMM - Vector / LANutil,Network domain associated with Vector / LANutil - listed by LOLRMM (Living Off the Land RMM) as a remote management or access tool.,Block connections to this domain and investigate any related activity.,,,,true
DomainName,wangwang.taobao.com,2035-07-23T00:00:00Z,Block,Medium,LOLRMM - AliWangWang,Network domain associated with AliWangWang - listed by LOLRMM (Living Off the Land RMM) as a remote management or access tool.,Block connections to this domain and investigate any related activity.,,,,true
DomainName,web-16fe.app,2035-07-23T00:00:00Z,Block,Medium,LOLRMM - NetBird,Network domain associated with NetBird - listed by LOLRMM (Living Off the Land RMM) as a remote management or access tool.,Block connections to this domain and investigate any related activity.,,,,true
DomainName,web.rustdesk.com,2035-07-23T00:00:00Z,Block,Medium,LOLRMM - RustDesk,Network domain associated with RustDesk - listed by LOLRMM (Living Off the Land RMM) as a remote management or access tool.,Block connections to this domain and investigate any related activity.,,,,true
DomainName,webpush.freshchat.com,2035-07-23T00:00:00Z,Block,Medium,LOLRMM - Freshservice,Network domain associated with Freshservice - listed by LOLRMM (Living Off the Land RMM) as a remote management or access tool.,Block connections to this domain and investigate any related activity.,,,,true
DomainName,webrtc.rmm.datto.com,2035-07-23T00:00:00Z,Block,Medium,LOLRMM - Datto RMM / Autotask,Network domain associated with Datto RMM / Autotask - listed by LOLRMM (Living Off the Land RMM) as a remote management or access tool.,Block connections to this domain and investigate any related activity.,,,,true
DomainName,webserv.logistical-software.co.uk,2035-07-23T00:00:00Z,Block,Medium,LOLRMM - LS RMM,Network domain associated with LS RMM - listed by LOLRMM (Living Off the Land RMM) as a remote management or access tool.,Block connections to this domain and investigate any related activity.,,,,true
DomainName,weezo.en.softonic.com,2035-07-23T00:00:00Z,Block,Medium,LOLRMM - Weezo,Network domain associated with Weezo - listed by LOLRMM (Living Off the Land RMM) as a remote management or access tool.,Block connections to this domain and investigate any related activity.,,,,true
DomainName,weezo.me,2035-07-23T00:00:00Z,Block,Medium,LOLRMM - Weezo,Network domain associated with Weezo - listed by LOLRMM (Living Off the Land RMM) as a remote management or access tool.,Block connections to this domain and investigate any related activity.,,,,true
DomainName,weezo.net,2035-07-23T00:00:00Z,Block,Medium,LOLRMM - Weezo,Network domain associated with Weezo - listed by LOLRMM (Living Off the Land RMM) as a remote management or access tool.,Block connections to this domain and investigate any related activity.,,,,true
DomainName,xeox.com,2035-07-23T00:00:00Z,Block,Medium,LOLRMM - XEOX,Network domain associated with XEOX - listed by LOLRMM (Living Off the Land RMM) as a remote management or access tool.,Block connections to this domain and investigate any related activity.,,,,true
DomainName,zerotier.com,2035-07-23T00:00:00Z,Block,Medium,LOLRMM - ZeroTier,Vendor-wide network domain associated with ZeroTier - listed by LOLRMM (Living Off the Land RMM) as a remote management or access tool.,Block connections to this domain and investigate any related activity.,,,,true
DomainName,zinfandel-agent-comms.centrastage.net,2035-07-23T00:00:00Z,Block,Medium,LOLRMM - Datto RMM / Autotask,Network domain associated with Datto RMM / Autotask - listed by LOLRMM (Living Off the Land RMM) as a remote management or access tool.,Block connections to this domain and investigate any related activity.,,,,true
DomainName,zinfandel-agent-notifications.centrastage.net,2035-07-23T00:00:00Z,Block,Medium,LOLRMM - Datto RMM / Autotask,Network domain associated with Datto RMM / Autotask - listed by LOLRMM (Living Off the Land RMM) as a remote management or access tool.,Block connections to this domain and investigate any related activity.,,,,true
DomainName,zinfandel-agent.centrastage.net,2035-07-23T00:00:00Z,Block,Medium,LOLRMM - Datto RMM / Autotask,Network domain associated with Datto RMM / Autotask - listed by LOLRMM (Living Off the Land RMM) as a remote management or access tool.,Block connections to this domain and investigate any related activity.,,,,true
DomainName,zinfandel-audit.centrastage.net,2035-07-23T00:00:00Z,Block,Medium,LOLRMM - Datto RMM / Autotask,Network domain associated with Datto RMM / Autotask - listed by LOLRMM (Living Off the Land RMM) as a remote management or access tool.,Block connections to this domain and investigate any related activity.,,,,true
DomainName,zinfandel-frontend-api.centrastage.net,2035-07-23T00:00:00Z,Block,Medium,LOLRMM - Datto RMM / Autotask,Network domain associated with Datto RMM / Autotask - listed by LOLRMM (Living Off the Land RMM) as a remote management or access tool.,Block connections to this domain and investigate any related activity.,,,,true
DomainName,zinfandel-ips.centrastage.net,2035-07-23T00:00:00Z,Block,Medium,LOLRMM - Datto RMM / Autotask,Network domain associated with Datto RMM / Autotask - listed by LOLRMM (Living Off the Land RMM) as a remote management or access tool.,Block connections to this domain and investigate any related activity.,,,,true
DomainName,zinfandel-monitoring.centrastage.net,2035-07-23T00:00:00Z,Block,Medium,LOLRMM - Datto RMM / Autotask,Network domain associated with Datto RMM / Autotask - listed by LOLRMM (Living Off the Land RMM) as a remote management or access tool.,Block connections to this domain and investigate any related activity.,,,,true
DomainName,zinfandel-realtime.centrastage.net,2035-07-23T00:00:00Z,Block,Medium,LOLRMM - Datto RMM / Autotask,Network domain associated with Datto RMM / Autotask - listed by LOLRMM (Living Off the Land RMM) as a remote management or access tool.,Block connections to this domain and investigate any related activity.,,,,true
DomainName,zinfandel.centrastage.net,2035-07-23T00:00:00Z,Block,Medium,LOLRMM - Datto RMM / Autotask,Network domain associated with Datto RMM / Autotask - listed by LOLRMM (Living Off the Land RMM) as a remote management or access tool.,Block connections to this domain and investigate any related activity.,,,,true
DomainName,zinfandel.rmm.datto.com,2035-07-23T00:00:00Z,Block,Medium,LOLRMM - Datto RMM / Autotask,Network domain associated with Datto RMM / Autotask - listed by LOLRMM (Living Off the Land RMM) as a remote management or access tool.,Block connections to this domain and investigate any related activity.,,,,true
DomainName,zinfandelrmm.centrastage.net,2035-07-23T00:00:00Z,Block,Medium,LOLRMM - Datto RMM / Autotask,Network domain associated with Datto RMM / Autotask - listed by LOLRMM (Living Off the Land RMM) as a remote management or access tool.,Block connections to this domain and investigate any related activity.,,,,true
DomainName,zohoassist.com,2035-07-23T00:00:00Z,Block,Medium,LOLRMM - Zoho Assist / Meeting,Network domain associated with Zoho Assist / Meeting - listed by LOLRMM (Living Off the Land RMM) as a remote management or access tool.,Block connections to this domain and investigate any related activity.,,,,true
DomainName,zohoassist.com.cn,2035-07-23T00:00:00Z,Block,Medium,LOLRMM - Zoho Assist / Meeting,Network domain associated with Zoho Assist / Meeting - listed by LOLRMM (Living Off the Land RMM) as a remote management or access tool.,Block connections to this domain and investigate any related activity.,,,,true
DomainName,zohoassist.jp,2035-07-23T00:00:00Z,Block,Medium,LOLRMM - Zoho Assist / Meeting,Network domain associated with Zoho Assist / Meeting - listed by LOLRMM (Living Off the Land RMM) as a remote management or access tool.,Block connections to this domain and investigate any related activity.,,,,true
